Date,T,RH,C6H6(GT),PT08.S1(CO),PT08.S4(NO2),AH,group_id,target_column,frequency_col,datetime_col
2004-03-10,72.125000238418,329.300002098083,50.7647377025489,7899.0,9272.0,4.59375877106245,all,T,D,Date
2004-03-11,235.999999642372,1537.67499446869,191.737388999834,29857.5,36544.75,18.6184267954802,all,T,D,Date
2004-03-12,271.025000929834,1226.57499885559,291.108223240819,30757.5,39053.25,15.9144583655057,all,T,D,Date
2004-03-13,308.791667222977,1236.74167013168,262.149277449453,31933.3333333333,38294.9166666667,17.5750570755877,all,T,D,Date
2004-03-14,384.399998903275,1172.25000143051,231.1546025645,32662.25,38452.5,20.3921766657861,all,T,D,Date
2004-03-15,416.89999961853,1207.70000219345,386.158714007235,34848.25,45323.75,22.6566088594191,all,T,D,Date
2004-03-16,447.066666364668,1075.80000178019,324.035155799133,32150.9166666667,41436.8333333333,20.9045090271813,all,T,D,Date
2004-03-17,450.550001621244,987.9750020504,365.728805028613,32705.0,41784.0,19.3180759026731,all,T,D,Date
2004-03-18,426.258334795637,1058.0333331426,330.964025479543,32461.6666666667,40863.5833333333,19.8240284528312,all,T,D,Date
2004-03-19,340.674998760222,1389.69999980927,324.722419813382,31301.0,41888.25,22.1751649813031,all,T,D,Date
2004-03-20,380.625000476836,1252.12500476837,210.479733388483,30923.25,38615.25,22.2960506265981,all,T,D,Date
2004-03-21,412.916665633518,1258.64167181651,182.303358983803,30061.25,38440.0,24.151756222107,all,T,D,Date
2004-03-22,416.725000143051,1076.04999828339,226.039897110627,27100.0,38285.25,20.590155779794,all,T,D,Date
2004-03-23,290.941668192546,1451.27499548594,215.320600264592,26929.4166666667,37362.4166666667,20.2200789542774,all,T,D,Date
2004-03-24,280.049999952318,1418.34999084473,206.797991631702,27574.5,36997.75,19.1207617805474,all,T,D,Date
2004-03-25,279.124999642373,1411.15000247955,194.505612788147,26035.0,35868.5,18.7698439107758,all,T,D,Date
2004-03-26,280.025000294051,1231.08332999547,202.346402618212,26027.1666666667,34982.8333333333,16.2358011388857,all,T,D,Date
2004-03-27,302.049999356269,1117.12499666214,186.202275202912,26280.25,34218.75,15.3972674957618,all,T,D,Date
2004-03-28,323.125001072885,1097.42500019074,133.64093319286,25429.75,32351.5,15.9333131106774,all,T,D,Date
2004-03-29,321.408333977062,903.716667493184,133.492942885224,23804.6666666667,30608.25,13.4467121372874,all,T,D,Date
2004-03-30,372.274999856946,826.925001621248,228.239787104038,28485.0,34724.75,14.2630318080638,all,T,D,Date
2004-03-31,325.900001049042,1320.85832659403,189.009943991039,28343.0833333333,36322.0,20.2029466415151,all,T,D,Date
2004-04-01,391.324997981388,1175.50833702088,277.570563614162,29503.25,39152.75,20.5838815558777,all,T,D,Date
2004-04-02,430.674998760223,1178.49999570846,317.109226955687,30931.0,41006.25,22.4373338535573,all,T,D,Date
2004-04-03,459.108332872391,1096.70833444595,261.380328605643,31371.25,39819.0833333333,23.0568750251726,all,T,D,Date
2004-04-04,453.400001287461,1203.84999752044,172.870757262185,28863.5,37493.0,24.9956877807432,all,T,D,Date
2004-04-05,404.700001478196,1294.7249994278,260.196696951081,30803.25,40879.75,24.4024393658924,all,T,D,Date
2004-04-06,406.133334000906,1156.9833316803,262.474956705332,28809.8333333333,39929.0,21.8173000040732,all,T,D,Date
2004-04-07,343.650000572205,1313.04999637604,167.503988561278,25237.75,35283.0,20.8122610457298,all,T,D,Date
2004-04-08,347.516667763391,1182.18332735697,283.1065726302,27670.5833333333,38176.0,17.6700684869856,all,T,D,Date
2004-04-09,336.35000141461,1125.85000038147,152.689211500233,25510.0,34012.5,17.886742672172,all,T,D,Date
2004-04-10,362.049999713897,1180.09999990463,178.720783552973,25231.0,35226.0,18.7560597513127,all,T,D,Date
2004-04-11,354.583333532015,1050.300005277,97.2747002085973,22557.5,30372.1666666667,16.0162821884772,all,T,D,Date
2004-04-12,292.724999666214,1271.32500267029,56.4571242598517,22318.25,29225.5,17.756403932826,all,T,D,Date
2004-04-13,313.499999046327,1273.20000076294,225.731343840236,26661.0,37010.5,18.7725741847222,all,T,D,Date
2004-04-14,371.816666205723,1136.45833651225,247.789008650373,27449.3333333333,37967.1666666667,18.9052447295026,all,T,D,Date
2004-04-15,355.900000333786,1229.17499923706,349.782079819808,31821.0,41575.0,20.0589108036935,all,T,D,Date
2004-04-16,338.358332633972,1664.17500623067,320.142136711792,31918.8333333333,43031.0,26.379735029409,all,T,D,Date
2004-04-17,373.050001382826,1542.67500209808,155.481317375386,25549.5,37274.5,26.3700582327874,all,T,D,Date
2004-04-18,374.10000038147,1539.42500400543,144.627634415277,25704.25,37415.5,26.9243599031987,all,T,D,Date
2004-04-19,326.458334287006,1618.33333524068,188.399895906304,25331.4166666667,38081.1666666667,24.7436027687271,all,T,D,Date
2004-04-20,390.374999046327,1365.90000391006,312.937064761877,27619.25,41729.0,23.5324030821254,all,T,D,Date
2004-04-21,458.175001541773,1079.86667060852,345.293177742892,28178.5833333333,41398.8333333333,21.6122307932004,all,T,D,Date
2004-04-22,505.299999475479,943.125000953672,338.426875284764,27810.0,40389.25,21.2062039631275,all,T,D,Date
2004-04-23,509.499999284745,939.45000219345,406.369937125719,31257.5,43236.75,21.8654396458153,all,T,D,Date
2004-04-24,481.958334763846,1164.44166103999,250.95089571648,29773.9166666667,40019.0,25.9062927330499,all,T,D,Date
2004-04-25,374.825000524523,988.650002479552,99.1672642783407,21990.25,30414.5,16.8124424048905,all,T,D,Date
2004-04-26,403.275000333787,925.225002765655,139.22127910057,22989.75,32818.5,17.3933498073045,all,T,D,Date
2004-04-27,494.691667477287,853.249995390574,271.580481214837,26971.5,37951.4166666667,19.5410873690547,all,T,D,Date
2004-04-28,506.150000095367,1026.62499809265,364.370816355725,31031.5,42812.25,24.2510881608935,all,T,D,Date
2004-04-29,453.933334350586,1228.68333689372,388.94680688138,31739.6666666667,44953.0833333333,25.6451005523918,all,T,D,Date
2004-04-30,431.749999999999,1597.57500553131,340.154349672742,31920.25,46005.0,32.2855845123901,all,T,D,Date
2004-05-01,483.225001096723,1252.27499818802,207.697302374585,26338.5,39367.25,28.0155345822728,all,T,D,Date
2004-05-02,470.116668860117,1189.36666409175,174.332862347379,25333.4166666667,37808.5,25.7775085272236,all,T,D,Date
2004-05-03,509.69999885559,1169.82500314713,277.133508397883,27956.5,41406.5,27.0845985487478,all,T,D,Date
2004-05-04,432.449998378755,1590.60000324249,261.524744681719,27445.75,43098.5,32.0832750180874,all,T,D,Date
2004-05-05,389.616665442785,1605.29999955495,244.431867007624,25895.25,41702.0,29.2180830619931,all,T,D,Date
2004-05-06,343.549999952317,1506.77499485016,210.508727591768,24008.0,38577.0,24.1109045962653,all,T,D,Date
2004-05-07,370.925002177556,1334.13333034515,228.885348030546,23983.9166666667,38421.1666666667,22.5263622756443,all,T,D,Date
2004-05-08,342.725000739098,1423.50000190735,171.252366274966,24052.25,36126.75,22.4410644158423,all,T,D,Date
2004-05-09,366.249997615817,1366.02499771118,160.87478224517,24498.75,36466.75,23.2121223357089,all,T,D,Date
2004-05-10,430.600001255674,1211.14999421438,315.420010936762,26647.6666666667,41937.25,23.9532460848318,all,T,D,Date
2004-05-11,455.299998760221,1153.19999933243,371.955687270879,28942.0,43302.0,23.5210272716773,all,T,D,Date
2004-05-12,413.166665951412,1351.66666507721,326.433858726662,29130.3333333333,43184.0,26.2102404885814,all,T,D,Date
2004-05-13,424.099998235701,1231.94999885559,263.209402494539,27021.25,40372.75,24.6210268025357,all,T,D,Date
2004-05-14,523.674999952315,895.374999046325,312.624586232083,26922.25,40063.75,21.5491402453883,all,T,D,Date
2004-05-15,504.941665331522,825.358332792916,217.285617048807,25043.0,35943.5,19.3677306172855,all,T,D,Date
2004-05-16,536.624998807907,835.950001239777,166.730037878237,24825.0,34623.5,21.3116945047592,all,T,D,Date
2004-05-17,512.300002098083,624.499997138977,197.740564126561,23674.0,33471.75,15.2481828213086,all,T,D,Date
2004-05-18,569.783334890999,743.633334477738,299.410140691638,27788.9166666667,39540.3333333333,20.5800827635652,all,T,D,Date
2004-05-19,551.749999761582,904.5499997139,311.023695388607,28724.25,40875.25,23.7938462210793,all,T,D,Date
2004-05-20,567.416666666666,898.425000031786,318.741761798145,29694.5,41383.4166666667,24.0729477880064,all,T,D,Date
2004-05-21,563.325001955033,833.474999904633,304.154201255922,29059.0,40307.0,22.300841473127,all,T,D,Date
2004-05-22,529.025001049043,1016.45000076294,267.129639872038,29649.5,40957.0,25.9948640323572,all,T,D,Date
2004-05-23,536.558334350587,1002.23333772024,154.634572880754,25408.1666666667,36761.5,25.6461394443556,all,T,D,Date
2004-05-24,478.724999666214,615.87499690056,142.507350829743,21106.5,29912.5,13.4065216059642,all,T,D,Date
2004-05-25,574.400003433225,466.125000715254,330.137587795821,25551.75,35290.0,11.7643252357766,all,T,D,Date
2004-05-26,676.458341598506,433.783333460489,473.220077545282,28359.8333333333,39232.5,15.5473167762176,all,T,D,Date
2004-05-27,548.724998950958,769.799995899204,307.369555969932,26102.5,38777.25,20.0951444827118,all,T,D,Date
2004-05-28,511.975000143052,987.075001239776,256.701450632479,24888.0,38931.5,23.7707611578324,all,T,D,Date
2004-05-29,486.450001875559,937.516670068104,131.657874808061,21141.0833333333,33776.25,21.7061616650069,all,T,D,Date
2004-05-30,569.174998760222,750.77500152588,138.948255548989,21019.25,33214.25,20.2609089750266,all,T,D,Date
2004-05-31,547.124999046327,1028.85000228882,264.423363672197,24167.0,39917.0,26.6710774363034,all,T,D,Date
2004-06-01,487.97499895096,1587.48333390554,297.018118461212,27251.75,45154.25,36.8004139888579,all,T,D,Date
2004-06-02,573.400000572207,1264.19999361038,174.085699425534,23456.0,40750.5,35.4716663758214,all,T,D,Date
2004-06-03,559.216664155326,1102.55833482742,263.275508205022,23797.75,41500.0833333333,29.236338977467,all,T,D,Date
2004-06-04,561.474998950956,946.30000114441,227.798323366085,23221.5,39432.75,26.1620690192392,all,T,D,Date
2004-06-05,572.9500002861,1081.4000005722,192.158800654194,23099.75,39847.5,30.5943740108115,all,T,D,Date
2004-06-06,525.541668891905,1169.10000562668,118.080453633704,20396.1666666667,36392.1666666667,28.7834532070504,all,T,D,Date
2004-06-07,613.274997711179,904.825002670287,299.41968905981,23370.5,42147.0,26.966590035609,all,T,D,Date
2004-06-08,655.674997806549,920.275002002714,346.989911727749,25665.25,44670.25,30.142271451148,all,T,D,Date
2004-06-09,706.500003337858,860.350002050399,357.771604618384,26929.5,44937.5,31.5328733601875,all,T,D,Date
2004-06-10,696.600000381473,880.050000190736,355.723824471053,26912.0,45127.75,31.8948405494928,all,T,D,Date
2004-06-11,682.083332379657,709.875002225239,312.865731411843,24843.6666666667,41574.75,24.7990399959903,all,T,D,Date
2004-06-12,655.799998760223,805.500000000001,199.264944827507,24557.25,38796.25,27.8788796710255,all,T,D,Date
2004-06-13,535.075001239779,1028.19999885559,71.4464489882586,20313.0,33482.0,27.4438611571121,all,T,D,Date
2004-06-14,532.341666698458,1053.23333199819,118.975027153886,21089.5,35857.1666666667,27.6931890794075,all,T,D,Date
2004-06-15,638.074996948242,865.550000667573,287.771557056836,23989.0,41860.0,28.0475406801718,all,T,D,Date
2004-06-16,622.658331235249,1007.44999869665,281.801115859559,25424.5833333333,42893.5,31.5182692387664,all,T,D,Date
2004-06-17,606.925000190732,1022.97500038147,285.864080945826,25170.0,43076.0,31.4906857156624,all,T,D,Date
2004-06-18,677.599998474122,912.225000381469,299.43670576901,25026.0,43200.75,32.4505808255416,all,T,D,Date
2004-06-19,727.574999968211,821.875000317897,201.085094180563,24164.5833333333,39951.6666666667,32.4135299315364,all,T,D,Date
2004-06-20,867.0,530.399997711192,248.310413595792,25446.0,41226.0,31.2101790984839,all,T,D,Date
2004-06-21,652.925000667573,758.40000295639,256.338527106917,23250.75,39751.0,25.0260579297822,all,T,D,Date
2004-06-22,612.199997901917,911.391667366027,303.920928663789,24567.4166666667,42375.9166666667,27.8966781586277,all,T,D,Date
2004-06-23,653.250001430513,876.224997043609,319.682529775603,25920.75,43562.25,29.468253118745,all,T,D,Date
2004-06-24,667.216668128968,991.81666580836,214.431593580392,25008.0,41326.0,34.4347719151317,all,T,D,Date
2004-06-25,669.100000858307,808.799998044968,257.114731747122,24313.0,40316.25,27.8406106684194,all,T,D,Date
2004-06-26,674.274999141694,773.699998140337,186.454264285603,23544.25,37624.75,27.6138034125338,all,T,D,Date
2004-06-27,749.591663678486,808.224997520443,175.937799426646,23620.75,38247.1666666667,32.4215467867388,all,T,D,Date
2004-06-28,746.250001907347,796.625003814696,304.094714951155,26355.75,43148.0,33.2809720652302,all,T,D,Date
2004-06-29,747.099997520447,889.424996852874,335.221249760187,27936.25,46061.0,38.3995625178079,all,T,D,Date
2004-06-30,758.566660881042,927.491669813792,326.567363556474,27742.6666666667,45560.8333333333,40.3106713795935,all,T,D,Date
2004-07-01,730.624999523161,952.499999523161,293.382166644611,27130.0,44497.25,38.9786808020001,all,T,D,Date
2004-07-02,724.666665871939,810.616665204365,282.347358342471,26345.25,42189.8333333333,32.7443242030365,all,T,D,Date
2004-07-03,689.100001335146,765.424998283387,197.321941711716,23754.5,37532.75,27.1050564593555,all,T,D,Date
2004-07-04,697.599998474123,854.174998044969,147.440896049702,22960.75,36653.0,30.0564910203785,all,T,D,Date
2004-07-05,709.408330758412,744.208335320152,283.464009281985,25375.6666666667,40576.5833333333,27.8439360637076,all,T,D,Date
2004-07-06,732.700004100801,747.54999756813,351.556116566087,26890.0,42664.5,28.8600203993237,all,T,D,Date
2004-07-07,777.141667048136,609.900001923244,368.245080029818,28020.3333333333,42483.25,26.6162266333532,all,T,D,Date
2004-07-08,779.374998092653,676.850001096725,348.638601024189,28983.25,42674.5,30.8525022839605,all,T,D,Date
2004-07-09,695.924998760223,749.175000190736,259.257826205816,25320.25,39415.25,28.3796798488039,all,T,D,Date
2004-07-10,638.833332697552,857.633333524067,153.576207546055,22032.25,35696.5833333333,27.4634430553754,all,T,D,Date
2004-07-11,618.299998283385,866.399999141692,129.824041403319,21458.5,34748.5,26.7281400204039,all,T,D,Date
2004-07-12,546.024999618532,979.000002861021,211.490750281814,23059.0,37969.75,26.2887566549152,all,T,D,Date
2004-07-13,597.366665045419,833.25833161672,294.177887135121,23325.0833333333,39068.5833333333,23.1001981539099,all,T,D,Date
2004-07-14,662.400000572206,683.249998807905,329.976131717821,24087.75,39558.25,22.4629517249286,all,T,D,Date
2004-07-15,668.583332856495,782.416666030883,300.995547778776,24796.9166666667,39959.3333333333,27.1838564755643,all,T,D,Date
2004-07-16,687.050001621246,743.800000429155,297.597180537878,24813.75,39434.5,26.4760011954077,all,T,D,Date
2004-07-17,715.724999427794,701.375000238419,206.811694280916,24261.25,36137.0,25.9271956422497,all,T,D,Date
2004-07-18,733.116663773853,645.633334477744,145.037079319965,23774.6666666667,33997.3333333333,25.0287478895593,all,T,D,Date
2004-07-19,747.274999141693,691.275005340577,291.394521752661,27082.25,39851.75,28.4523850190244,all,T,D,Date
2004-07-20,773.300002098083,701.599997997282,335.499959959387,28538.25,41891.5,30.3093477424801,all,T,D,Date
2004-07-21,776.708333333333,739.491667350132,310.950433699319,28345.1666666667,41561.3333333333,32.1349511512465,all,T,D,Date
2004-07-22,791.949996471406,794.100000381471,357.243867182049,29187.5,43931.5,34.9197484168971,all,T,D,Date
2004-07-23,781.366667270661,764.483330965042,317.494533147595,27230.0833333333,42726.4166666667,33.5507372669415,all,T,D,Date
2004-07-24,722.725003242492,957.150002956393,174.440224034599,25122.75,39372.0,39.1140271646409,all,T,D,Date
2004-07-25,642.24999809265,1194.25,87.2097412029538,22371.75,36348.75,40.5571414163213,all,T,D,Date
2004-07-26,722.424999078115,854.624997138978,188.703573528903,23588.9166666667,38560.5833333333,34.5975612749059,all,T,D,Date
2004-07-27,672.399997234343,779.324999332427,170.153454120319,22119.0,36231.25,28.3115664671543,all,T,D,Date
2004-07-28,681.09999704361,634.974999904634,266.603478502468,22942.75,37220.25,22.4505708726722,all,T,D,Date
2004-07-29,706.958331584929,679.233332475025,270.89443738416,24456.1666666667,38304.1666666667,25.9906388645048,all,T,D,Date
2004-07-30,720.524999618532,889.050000667572,290.764307021423,26073.5,41868.5,34.7578411477659,all,T,D,Date
2004-07-31,742.016669591266,918.591664473218,222.69732564352,25002.4166666667,39810.3333333333,37.55153293222,all,T,D,Date
2004-08-01,735.674997806549,1010.90000391006,139.658932495492,23377.5,37412.75,40.1645496899585,all,T,D,Date
2004-08-02,732.925002098082,1047.19999599457,221.686107650184,25321.5,41025.25,42.3487324219329,all,T,D,Date
2004-08-03,736.966665267944,992.433334668476,243.524832356541,26380.5,42438.0833333333,41.8696451959247,all,T,D,Date
2004-08-04,733.950001239776,1009.52499437332,204.33570930569,24873.25,40750.0,41.2684671550159,all,T,D,Date
2004-08-05,631.150001366935,1359.55000066757,182.727492676305,25104.1666666667,40412.9166666667,43.2152113498273,all,T,D,Date
2004-08-06,635.599998950957,1392.77500677109,250.93607496811,25897.0,43292.5,45.3594304299644,all,T,D,Date
2004-08-07,698.449998378752,1112.57500123978,158.898045890541,22265.0,38589.75,41.172702947719,all,T,D,Date
2004-08-08,673.108336607616,1203.48333231608,119.029902914736,22440.4166666667,37830.0833333333,43.7725213792418,all,T,D,Date
2004-08-09,700.941668192545,1147.96666399638,192.834801749766,24451.8333333333,40466.25,43.6889616514181,all,T,D,Date
2004-08-10,757.149999141692,1053.14999389649,213.647647610349,25539.0,40946.5,44.5128123782851,all,T,D,Date
2004-08-11,755.991667111716,1104.09166351954,170.958200080578,25388.4166666667,40805.0,47.9476595786494,all,T,D,Date
2004-08-12,737.600000858304,1142.14999485016,160.887550758682,24025.5,40421.25,47.4943827948769,all,T,D,Date
2004-08-13,715.374998728437,1067.23333787918,123.505566290919,22197.6666666667,37401.9166666667,41.765642837799,all,T,D,Date
2004-08-14,718.900000095366,1003.02500009537,104.475889456937,21742.75,36070.5,39.4416827348898,all,T,D,Date
2004-08-15,715.549999237058,906.474999427797,91.5217911858799,20333.75,33752.0,33.9468643170409,all,T,D,Date
2004-08-16,721.699998696646,725.608330647152,143.745874027429,21390.1666666667,33846.5,28.0795428041524,all,T,D,Date
2004-08-17,729.39999771118,812.324999809265,161.478717843938,23666.5,35624.5,32.3302373156485,all,T,D,Date
2004-08-18,716.274995803835,897.850000858307,165.367783950151,23963.5,37222.0,36.5936247408242,all,T,D,Date
2004-08-19,773.499998410543,993.508337020874,141.743773442129,23968.8333333333,38668.1666666667,45.1314145216806,all,T,D,Date
2004-08-20,734.999997615815,1086.07500314713,138.177476478427,23579.25,38631.25,45.9552350865812,all,T,D,Date
2004-08-21,643.141666730244,904.35833311081,100.241108173505,20435.9166666667,33192.1666666667,31.0523849321082,all,T,D,Date
2004-08-22,661.10000228882,922.449999332428,120.239796538505,20510.5,33130.5,29.1702988649679,all,T,D,Date
2004-08-23,672.150001525878,835.850001573564,151.236036741118,21439.75,33902.75,28.7691533666217,all,T,D,Date
2004-08-24,671.574997901916,863.683333396912,173.130153293289,23227.5,35244.0,30.5826438888953,all,T,D,Date
2004-08-25,686.874998569489,1011.49999952316,185.1382743704,24350.0,38295.5,38.2028137731092,all,T,D,Date
2004-08-26,568.849996089934,1112.45001506805,71.9034569306823,20213.0,31195.0,32.1613506675459,all,T,D,Date
2004-08-27,568.79999542236,1120.80001831054,67.456512890965,20196.0,31020.0,32.4024046240798,all,T,D,Date
2004-08-28,656.375002861022,963.475002288817,143.837944411136,22408.5,34410.75,32.4633811119214,all,T,D,Date
2004-08-29,660.525001207988,1080.0083305041,158.006473948368,23694.5,36742.75,36.4126721336306,all,T,D,Date
2004-08-30,649.875001907346,1107.69999742508,257.391966703069,25607.75,40120.25,37.8024060785941,all,T,D,Date
2004-08-31,655.049999237061,1108.15000391006,258.795361265409,25683.75,40436.25,37.9857174360493,all,T,D,Date
2004-09-01,649.399998346963,1010.16666316986,310.105532900345,25451.5833333333,40402.0,33.203495667266,all,T,D,Date
2004-09-02,693.866668383282,913.899996757508,323.723355954283,26018.3333333333,40202.6666666667,33.3845551424748,all,T,D,Date
2004-09-03,719.558330376942,893.424999157588,325.023049140509,27110.5,40555.25,34.6156186979337,all,T,D,Date
2004-09-04,728.775002956391,831.450002193449,219.855292016329,25826.25,36278.5,32.7982298710504,all,T,D,Date
2004-09-05,701.199998378753,653.474999427795,137.205745095586,22272.0,30929.0,25.3782474186406,all,T,D,Date
2004-09-06,639.425000349683,873.550002257031,145.504656781915,23482.0,33381.3333333333,29.4362239974959,all,T,D,Date
2004-09-07,658.57499885559,803.275000572203,233.453027242817,24600.0,35408.5,27.6606544030439,all,T,D,Date
2004-09-08,601.075004577631,772.375006675715,503.110372279665,28676.0,34755.0,24.0422461802654,all,T,D,Date
2004-09-09,684.325002193452,637.424999952317,324.993611060738,26718.75,35042.5,23.15213572832,all,T,D,Date
2004-09-10,670.025001684824,734.575002034506,277.872793025033,25927.75,34725.75,25.8545676684799,all,T,D,Date
2004-09-11,653.124999046325,852.999999523163,218.311360284702,26584.25,34260.5,28.9265651684056,all,T,D,Date
2004-09-12,591.683333396912,1326.00833225251,196.440129802619,27811.75,37682.0833333333,40.5735956170734,all,T,D,Date
2004-09-13,630.249999046327,1199.72500324249,372.43227519773,28961.5,42618.0,38.0360335790457,all,T,D,Date
2004-09-14,604.825001716611,1342.8749961853,293.571430161405,27561.75,41186.25,41.1250567376056,all,T,D,Date
2004-09-15,548.291664918262,1626.24999936422,345.637948708891,28927.1666666667,44317.5,44.3204506990846,all,T,D,Date
2004-09-16,514.299998760222,1466.54999542237,280.55963845343,25726.25,39762.0,36.6146125805884,all,T,D,Date
2004-09-17,523.183335463204,1164.55000241598,196.744266486131,22681.5833333333,34554.4166666667,29.7774747247524,all,T,D,Date
2004-09-18,576.474998950958,932.649997711181,150.815245323638,22405.75,31961.5,26.8563894489341,all,T,D,Date
2004-09-19,595.850001811981,1054.12500190735,229.149715583068,25075.25,35828.5,30.7042043082817,all,T,D,Date
2004-09-20,613.658330599468,1038.42499796549,359.227423276701,27115.75,39849.6666666667,31.6709288497763,all,T,D,Date
2004-09-21,593.224997997284,1142.67500019074,383.83357704646,28362.25,41421.75,34.1533828026605,all,T,D,Date
2004-09-22,590.649998664857,1230.52500295639,364.345142068953,27998.75,41470.25,35.8742680921258,all,T,D,Date
2004-09-23,611.983330885571,1218.95000171661,329.998849365566,27821.6666666667,40880.25,38.307512829131,all,T,D,Date
2004-09-24,507.225002288818,1406.59999847412,308.106614854095,27274.25,39660.75,34.5496917660656,all,T,D,Date
2004-09-25,428.40000073115,983.533333142599,126.252391606555,20470.75,28409.5833333333,19.4383415989029,all,T,D,Date
2004-09-26,442.275001287458,1018.67500019074,155.392309126042,21854.75,29837.0,20.5127553331647,all,T,D,Date
2004-09-27,456.399999618532,1018.77499675751,257.64141865767,23940.0,33420.25,21.1737414481847,all,T,D,Date
2004-09-28,477.408332029979,1017.29999653499,375.715082201244,26076.75,36277.1666666667,22.0033407855669,all,T,D,Date
2004-09-29,503.874999761582,1057.24999713898,357.336648407303,26944.25,36949.5,24.8120624063613,all,T,D,Date
2004-09-30,510.875000953675,1274.20000171662,385.819800236043,30427.5,39788.0,31.8901376707299,all,T,D,Date
2004-10-01,531.733334382374,1439.53333377838,395.058736285433,31739.9166666667,42711.0,37.5676810321129,all,T,D,Date
2004-10-02,547.474999904631,1377.30000114441,250.584177827005,29060.5,38361.75,37.4482376395501,all,T,D,Date
2004-10-03,552.025001684825,1353.55000050863,198.669548844162,27075.1666666667,36608.8333333333,36.9944814171023,all,T,D,Date
2004-10-04,532.149998664855,1358.12499427795,381.813178839981,28765.5,41499.5,34.8486879248741,all,T,D,Date
2004-10-05,555.949997425081,1285.17500019074,437.255673040517,30414.25,42316.75,34.7880332520548,all,T,D,Date
2004-10-06,546.558332443237,1335.47500038147,397.730875930224,31089.0,41672.5,35.8016402653528,all,T,D,Date
2004-10-07,554.950001239776,1309.40000343323,388.696700283234,31383.25,41859.25,35.8911371707706,all,T,D,Date
2004-10-08,558.849999427795,1318.55000019073,380.428877641572,30892.25,41413.0,36.3696877924712,all,T,D,Date
2004-10-09,597.224999268848,1315.0666624705,336.624837049625,32162.9166666667,41374.25,40.2187994210152,all,T,D,Date
2004-10-10,529.924999237059,1606.00000667572,173.433969823732,26689.25,37145.25,41.9279474943027,all,T,D,Date
2004-10-11,478.266667048137,1611.01666768392,319.523038459828,27681.9166666667,40156.8333333333,36.9674433966067,all,T,D,Date
2004-10-12,425.999996662139,1372.84999847412,181.751465273649,22586.5,33126.5,27.6358061527915,all,T,D,Date
2004-10-13,369.124999523166,1318.10000038147,125.814021982443,21012.5,29558.75,22.811545191478,all,T,D,Date
2004-10-14,426.99166917801,1338.51667277018,200.080838094384,24119.5833333333,33600.6666666667,26.8049319779233,all,T,D,Date
2004-10-15,439.850000619888,1550.45000171661,307.941490309651,26695.75,38298.5,31.3504851753798,all,T,D,Date
2004-10-16,418.058333794275,1490.55833212535,170.333771350969,23575.75,32457.5833333333,28.2973357652844,all,T,D,Date
2004-10-17,431.100000619889,1329.45000267029,153.92161044785,22347.25,31558.25,26.3886508153108,all,T,D,Date
2004-10-18,416.325000047685,1449.14999866486,389.15341175982,27807.0,39230.0,28.2607786854344,all,T,D,Date
2004-10-19,437.141669750213,1608.39166704814,437.243336125848,30553.25,41858.75,33.2244174311451,all,T,D,Date
2004-10-20,521.199998378754,1589.24999523163,555.923984188488,35334.25,47021.0,40.6272535298962,all,T,D,Date
2004-10-21,571.65000104904,1451.34998989105,427.927309622247,32103.25,43936.25,41.8436506795174,all,T,D,Date
2004-10-22,540.699999491374,1479.85000197093,421.624926681298,31212.75,43191.1666666667,39.4958987341464,all,T,D,Date
2004-10-23,520.324999332428,1499.97500228882,322.07495421142,29656.5,40010.25,37.8790532141489,all,T,D,Date
2004-10-24,512.516667048136,1506.90834108988,244.590144482751,27354.5,37089.75,37.223610747512,all,T,D,Date
2004-10-25,447.874999761581,1673.97500514984,481.163870900132,31380.0,43846.25,35.5065087899007,all,T,D,Date
2004-10-26,468.75000143051,1589.32499313355,478.32382667249,31005.25,43315.0,35.2161262092505,all,T,D,Date
2004-10-27,442.349998553595,1736.12500890096,308.817106082807,27402.9166666667,39333.1666666667,36.3000784714018,all,T,D,Date
2004-10-28,441.025000095367,1626.97500324249,340.381906715791,27564.0,38638.0,33.7921424948117,all,T,D,Date
2004-10-29,466.74999952316,1773.49999523163,293.906321178901,27678.25,38722.75,39.6065387517782,all,T,D,Date
2004-10-30,469.474997202554,1707.82500298818,330.665201380124,28811.5833333333,39835.3333333333,38.1584304453372,all,T,D,Date
2004-10-31,500.500000476835,1651.67500495911,239.62370154556,26633.0,38423.0,40.1643503763265,all,T,D,Date
2004-11-01,509.625000794729,1682.22500069936,324.558871224096,29840.75,40945.9166666667,41.8139952300724,all,T,D,Date
2004-11-02,496.099999904632,1547.89999866486,541.110370119153,31410.75,45441.5,36.8318191066492,all,T,D,Date
2004-11-03,516.849997997284,1392.39999485016,328.532455336856,27733.5,38842.25,34.6118243001903,all,T,D,Date
2004-11-04,494.041665951412,1488.0916668574,453.700547786676,30748.25,41941.8333333333,35.1456249493473,all,T,D,Date
2004-11-05,464.200002908709,1493.60000038147,430.053417363459,30300.75,40366.25,32.8381966657101,all,T,D,Date
2004-11-06,438.775000572205,1523.57500171662,291.980060137415,28544.0,36014.0,31.5165359987111,all,T,D,Date
2004-11-07,381.124999284742,1100.64166673024,124.614096314516,21033.75,26733.5833333333,19.6677283642058,all,T,D,Date
2004-11-08,266.800000667572,1214.79999923706,202.722338506877,21762.75,27738.0,15.8958431351445,all,T,D,Date
2004-11-09,192.799999892712,1554.81667327881,249.115021925601,24018.8333333333,29594.0833333333,16.4811625363733,all,T,D,Date
2004-11-10,209.975000739098,1723.54999446869,186.438826993542,23072.0,29060.25,19.3577283971539,all,T,D,Date
2004-11-11,257.324998736382,1816.92499923706,314.632001156223,27225.0,33981.25,23.4358840783589,all,T,D,Date
2004-11-12,366.691666523616,1485.77499612172,187.800748321103,24226.3333333333,31457.25,25.5647198386761,all,T,D,Date
2004-11-13,415.950000524521,1292.22500419617,189.387567379,25279.75,31284.25,25.1746804919769,all,T,D,Date
2004-11-14,248.450000166892,1063.37499952316,34.349848790684,17392.75,21013.75,13.2355394817492,all,T,D,Date
2004-11-15,287.08333516121,841.733331680298,150.245576237776,20208.25,24257.9166666667,11.7284273533745,all,T,D,Date
2004-11-16,319.375000715257,868.774999141692,238.733215648178,23920.5,27541.25,12.7747718668772,all,T,D,Date
2004-11-17,262.541664799054,1240.6416721344,354.109737761057,28599.8333333333,31699.3333333333,15.9218425382955,all,T,D,Date
2004-11-18,306.050000071524,1460.99999904633,344.660819367061,29436.5,34061.5,21.4269535054848,all,T,D,Date
2004-11-19,380.599999904633,1290.75000143051,302.055512079487,27979.25,34126.5,23.3932301475409,all,T,D,Date
2004-11-20,258.950000047684,634.374999125799,215.625305675155,21702.8333333333,22889.8333333333,7.76297740234965,all,T,D,Date
2004-11-21,183.325001001357,1029.92499732971,174.340364974745,23850.75,23807.75,10.2451654306974,all,T,D,Date
2004-11-22,154.825000166893,1303.80000432332,494.743068182801,30378.5,31988.6666666667,12.7212583071788,all,T,D,Date
2004-11-23,257.550001502034,1807.52499961853,572.177665633062,36317.0,41545.5,23.3197822522491,all,T,D,Date
2004-11-24,269.800000786783,1807.72499752045,391.235476773766,31074.0,36437.25,23.9145371301969,all,T,D,Date
2004-11-25,240.458333492278,1522.94166374207,331.977803257417,28250.3333333333,31724.6666666667,17.8871437557014,all,T,D,Date
2004-11-26,299.875000476838,1602.89999485016,491.505576429803,34547.0,39092.5,23.1364910918865,all,T,D,Date
2004-11-27,330.450001955031,1807.52499198914,375.546139401736,34224.0,37509.25,28.3204091235978,all,T,D,Date
2004-11-28,255.366667032243,1743.95000298818,172.495791528428,26165.9166666667,29697.0833333333,22.2887849710281,all,T,D,Date
2004-11-29,330.500000238418,1614.27500152588,279.009271594731,28774.0,33633.25,24.8008037949592,all,T,D,Date
2004-11-30,311.858334064485,1718.25833129883,261.451940690419,27050.0833333333,33494.25,25.5804253665385,all,T,D,Date
2004-12-01,261.499998331072,1847.89999771118,322.275438943759,28157.75,34765.0,24.0673106230415,all,T,D,Date
2004-12-02,347.324998855589,1709.45000648498,428.685174278134,31330.25,39357.75,27.9222151581292,all,T,D,Date
2004-12-03,365.958331823349,1847.21666971842,386.338890484339,31540.3333333333,39441.1666666667,31.6480221975325,all,T,D,Date
2004-12-04,299.749999523163,1946.5,218.957162284935,27194.75,32914.25,28.1028981761934,all,T,D,Date
2004-12-05,297.899999856949,1725.15000057221,99.1964820569151,22602.0,28206.0,24.7386370092756,all,T,D,Date
2004-12-06,368.708335002262,1529.14166673024,268.846451224152,26573.1666666667,34075.0833333333,26.1636392352201,all,T,D,Date
2004-12-07,356.650001525878,1451.70000171661,263.201400863463,26857.25,32870.25,24.1796002270496,all,T,D,Date
2004-12-08,344.366666237513,1548.91666889191,169.283191171138,26227.75,30208.8333333333,25.0437079480783,all,T,D,Date
2004-12-09,348.775001287463,1329.05000209809,117.475053966272,22420.25,27359.5,21.9028988324393,all,T,D,Date
2004-12-10,342.800000905991,711.325000762938,160.347309630609,21016.25,23409.25,11.3133040155834,all,T,D,Date
2004-12-11,322.341666499773,747.741664886477,198.951287783695,23948.75,24584.1666666667,11.012462031263,all,T,D,Date
2004-12-12,239.375000596048,1239.05000543594,270.654728332512,27828.5,28442.0,14.8094367808966,all,T,D,Date
2004-12-13,242.475001096725,1362.85000228882,408.245732094889,30200.75,32603.75,16.6259402147879,all,T,D,Date
2004-12-14,284.883327722553,1451.50000095368,454.510724330865,31869.75,36094.4166666667,19.7413938838836,all,T,D,Date
2004-12-15,403.199981689464,1160.40000915528,651.967408945813,37776.0,42660.0,22.0205181770423,all,T,D,Date
2004-12-16,403.199981689464,1160.40000915528,651.967408945813,37776.0,42660.0,22.0205181770423,all,T,D,Date
2004-12-17,387.749984264383,1258.62500572205,587.028629487411,36350.75,41091.5,22.6813050721143,all,T,D,Date
2004-12-18,295.525000333785,1077.22500133515,185.499228381458,23224.5,25460.25,14.8979773131225,all,T,D,Date
2004-12-19,126.816666464011,1506.08333269755,227.762620291823,26061.75,26820.9166666667,13.4821209261811,all,T,D,Date
2004-12-20,208.900000333786,1289.27500152588,125.534139557863,21944.25,24360.5,14.5932333599499,all,T,D,Date
2004-12-21,160.058334827423,927.958334604898,198.539071492426,22136.75,23433.75,9.12545299798787,all,T,D,Date
2004-12-22,158.550000309944,978.799997806547,186.680566991429,23379.75,23056.5,9.48785913099121,all,T,D,Date
2004-12-23,137.574999637903,1178.47500228882,369.335715665826,29354.25,29308.25,10.7375598030965,all,T,D,Date
2004-12-24,186.449999094008,1397.96666208903,418.12904377506,33901.1666666667,33618.5,14.9039568068652,all,T,D,Date
2004-12-25,246.350000619887,1677.27500629425,314.466171346585,34539.25,33338.5,20.9940993474483,all,T,D,Date
2004-12-26,289.099999666215,1795.05000305176,114.596921764776,25913.0,29193.25,25.0688051866619,all,T,D,Date
2004-12-27,301.208332459131,1571.00833257039,138.993173213125,25353.5,29155.5,22.7354572784756,all,T,D,Date
2004-12-28,272.024999618531,1548.92500114441,226.813421243897,26891.25,31042.5,20.5232362562108,all,T,D,Date
2004-12-29,247.599998871485,1418.64999961853,92.9216051943395,22346.75,25418.1666666667,17.5726990515494,all,T,D,Date
2004-12-30,234.799999713898,973.674997329712,97.4302039689074,21054.75,22394.25,11.6806534178201,all,T,D,Date
2004-12-31,224.39999997616,944.149998188019,97.8518293076699,21602.75,21960.5,10.9279106527341,all,T,D,Date
2005-01-01,164.941667338212,1219.40833202998,172.154736913702,26739.3333333333,24779.5833333333,11.9754004219276,all,T,D,Date
2005-01-02,162.950000703335,1419.44999599457,167.849853433028,27002.75,26194.5,13.9074155286359,all,T,D,Date
2005-01-03,199.200004577638,1396.80001831054,312.23974019807,32328.0,30960.0,15.339086197463,all,T,D,Date
2005-01-04,199.200004577638,1396.80001831054,312.23974019807,32328.0,30960.0,15.339086197463,all,T,D,Date
2005-01-05,267.625000953674,1573.05000305176,324.566110799226,32220.25,34073.0,20.9123770626083,all,T,D,Date
2005-01-06,322.775001287461,1465.52499866486,149.353708484363,26619.25,29435.0833333333,22.3713572715221,all,T,D,Date
2005-01-07,202.925000667571,1728.99999809265,257.220646871255,28609.75,31330.5,19.0536792352424,all,T,D,Date
2005-01-08,249.249999403954,1578.17500495911,262.119628425658,29853.75,31312.25,19.7779106441852,all,T,D,Date
2005-01-09,346.28333210945,1416.0833272934,163.507166741784,26932.1666666667,30183.5833333333,23.0748217034308,all,T,D,Date
2005-01-10,319.699999809263,1647.37500572205,300.955862658803,30708.75,35586.75,25.0699486883433,all,T,D,Date
2005-01-11,306.949998855589,1538.22500419617,330.621895531436,31196.0,34786.5,22.5939945853733,all,T,D,Date
2005-01-12,287.09166542689,1576.39166641235,367.893121138949,31246.5833333333,35737.9166666667,21.7279764196929,all,T,D,Date
2005-01-13,239.775000214577,1669.50000953674,300.063592278484,29247.5,32794.75,20.3334951139682,all,T,D,Date
2005-01-14,194.125000119209,1721.50834147135,334.973401753542,29619.0833333333,32764.3333333333,18.5497057035229,all,T,D,Date
2005-01-15,154.350000321865,1684.82500553131,251.885124198341,27690.5,29049.0,16.1049538129515,all,T,D,Date
2005-01-16,180.599999845027,1146.67499876022,119.719535751068,22821.0,22755.75,11.5300144029863,all,T,D,Date
2005-01-17,159.841667314371,1125.96666256587,304.766731092475,26902.3333333333,27917.1666666667,10.7258826332804,all,T,D,Date
2005-01-18,126.774999797345,1590.45000076294,351.074064770671,30525.75,31350.0,14.5911282821971,all,T,D,Date
2005-01-19,187.774998585383,1559.85833485921,110.986088795522,23196.8333333333,25735.5,16.5477562307822,all,T,D,Date
2005-01-20,241.650000810622,1061.99999856949,254.699846593481,26160.75,27278.5,12.6320181658497,all,T,D,Date
2005-01-21,218.175000429155,1417.67500591278,411.816082365285,33101.75,33742.5,16.3932162187326,all,T,D,Date
2005-01-22,238.491668025654,1340.43333625794,333.924352511469,30795.9166666667,30798.8333333333,15.656603629578,all,T,D,Date
2005-01-23,139.675000190735,1293.07500171661,141.639500814263,25073.75,23968.5,12.0335539746748,all,T,D,Date
2005-01-24,184.050000071525,1149.19999885559,130.07895369947,23211.75,23456.0,11.8513793220212,all,T,D,Date
2005-01-25,108.216666499774,1223.25833193461,66.8622776631287,20542.0,20861.8333333333,10.375276545469,all,T,D,Date
2005-01-26,101.124999523163,1187.44999885559,77.6880091035414,20903.0,20949.0,9.88641468057207,all,T,D,Date
2005-01-27,126.424999833107,950.758329709373,104.193848934132,21882.6666666667,20896.75,8.50385336694618,all,T,D,Date
2005-01-28,91.1833335955937,1178.64999898275,96.1683857929715,21865.75,21063.25,9.5590798572419,all,T,D,Date
2005-01-29,64.183333431681,1186.92500050862,54.4194653309401,20653.0,19470.0,8.89376050455629,all,T,D,Date
2005-01-30,116.366667091846,907.9916639328,47.1733067806774,20751.4166666667,18328.5833333333,7.80013612439617,all,T,D,Date
2005-01-31,174.57499974966,763.4249958992,263.544984999963,26028.0,24033.75,7.48716279328393,all,T,D,Date
2005-02-01,158.80000051856,1241.62500476837,287.848289230894,30000.5,28420.5,12.1005816975151,all,T,D,Date
2005-02-02,182.716667751471,1054.34166908264,293.319805752242,28250.1666666667,27171.3333333333,10.2319700153687,all,T,D,Date
2005-02-03,174.049999743699,1223.19999790192,301.764993425224,29851.75,29091.75,12.3178890238847,all,T,D,Date
2005-02-04,179.366665701072,1203.99166727066,203.41514360351,26185.0,25960.25,11.9045113223127,all,T,D,Date
2005-02-05,133.724999517202,1118.50000858307,129.553282079073,24014.25,22241.25,9.86260650283906,all,T,D,Date
2005-02-06,127.449999835344,950.275002479552,78.7872659790372,22103.0,19719.75,8.24984395662192,all,T,D,Date
2005-02-07,175.391666293144,849.525004863737,113.266837028506,23548.5,20955.0833333333,8.47176081884271,all,T,D,Date
2005-02-08,243.925003647805,753.850003719325,115.796131748196,23578.25,20971.0,8.89332561215865,all,T,D,Date
2005-02-09,326.40000915528,478.800018310536,105.638310333479,22596.0,19200.0,7.42327466632358,all,T,D,Date
2005-02-10,326.40000915528,478.800018310536,105.638310333479,22596.0,19200.0,7.42327466632358,all,T,D,Date
2005-02-11,309.475008130079,581.200018882742,134.792794168423,24183.5,20747.25,8.23466363086001,all,T,D,Date
2005-02-12,199.366667111714,1419.47499306997,365.243179762739,35536.6666666667,32849.8333333333,15.5580651144215,all,T,D,Date
2005-02-13,308.499999761582,1455.84999990463,233.287429151929,32131.75,31747.0,20.5891930055321,all,T,D,Date
2005-02-14,251.375000357628,976.724998950959,198.794313332897,24436.5,24496.5,12.0901154092604,all,T,D,Date
2005-02-15,214.916666984559,724.991666475933,134.986953679883,22775.3333333333,21147.5833333333,8.08411675678564,all,T,D,Date
2005-02-16,155.300000429154,1022.92500114441,219.367181425682,27074.75,25255.5,9.82399743400526,all,T,D,Date
2005-02-17,179.733334064484,1065.69999663035,149.197697304482,25437.0833333333,24019.0833333333,11.1137842876971,all,T,D,Date
2005-02-18,204.124999403953,1012.54999876022,165.494470206502,25331.0,24298.5,11.097368914675,all,T,D,Date
2005-02-19,161.774999769405,1144.74999427796,150.01623735061,25998.5,23944.75,10.9144631884544,all,T,D,Date
2005-02-20,199.1583340168,1300.0416653951,82.4625051251925,24742.8333333333,23686.5,14.2467310477502,all,T,D,Date
2005-02-21,138.074999451637,1783.12500190735,169.462778120219,26550.75,28304.0,16.4596367415858,all,T,D,Date
2005-02-22,129.849999725819,1803.72499465942,185.252163564552,25999.0,28384.75,16.1829229171017,all,T,D,Date
2005-02-23,103.51666645209,1881.09166590373,149.643986520844,24939.0,26710.8333333333,15.793724816245,all,T,D,Date
2005-02-24,126.274999916553,1889.22500801087,206.556038692402,27402.0,29278.75,16.8936998836045,all,T,D,Date
2005-02-25,190.066666444142,1504.60000451406,229.253388288161,27106.1666666667,29089.0833333333,15.5248917184925,all,T,D,Date
2005-02-26,158.300000250339,1362.92500114441,127.344395091127,24041.0,23975.25,13.1532210126181,all,T,D,Date
2005-02-27,144.200000941754,1250.49999713898,105.73785935391,23318.75,22209.0,11.4180500299408,all,T,D,Date
2005-02-28,69.3083335558573,1024.07500060399,63.3371257519782,20020.4166666667,17997.6666666667,7.85353996884687,all,T,D,Date
2005-03-01,34.3249998390673,842.175000667574,70.4235603692364,19682.25,16774.5,5.76018493772659,all,T,D,Date
2005-03-02,102.94999965094,768.900002479554,179.084042708768,23300.25,20981.5,6.04369852285808,all,T,D,Date
2005-03-03,110.108333051205,1618.69167486826,195.603116462429,28421.0833333333,27894.25,13.8608703599218,all,T,D,Date
2005-03-04,172.549999952316,1492.44999980926,273.697564163291,29153.75,30775.25,14.8867177802966,all,T,D,Date
2005-03-05,197.524999658267,1246.466665109,152.691110358624,25212.8333333333,25291.3333333333,13.0468698339455,all,T,D,Date
2005-03-06,209.699999928475,1053.32499885559,92.8332856264126,22741.5,21457.25,11.4767260742379,all,T,D,Date
2005-03-07,166.250000059605,940.82500219345,123.174634347411,22892.75,20799.5,9.17310996570621,all,T,D,Date
2005-03-08,180.566666769484,940.383331934611,246.42736176434,25962.0833333333,25164.25,8.85158489367992,all,T,D,Date
2005-03-09,224.525000303983,1185.45000600815,271.644215998103,29451.75,29681.75,13.7470650241455,all,T,D,Date
2005-03-10,270.600000321866,1114.75000786781,238.331246966289,27283.25,28002.5,13.0523871688384,all,T,D,Date
2005-03-11,265.316665927571,1068.14166609446,257.693723641051,28327.6666666667,28884.1666666667,13.812210462221,all,T,D,Date
2005-03-12,313.750000000002,1255.57499933243,135.323489413273,26796.75,27529.5,18.3503288095731,all,T,D,Date
2005-03-13,344.866669019063,1197.96666844686,129.565855638332,27211.3333333333,27582.1666666667,19.3707921080347,all,T,D,Date
2005-03-14,341.924999952317,1271.27499580384,258.967758769826,29679.0,32250.25,19.7290671773997,all,T,D,Date
2005-03-15,377.974998712539,1128.49999666214,269.284755337576,29251.75,31796.25,18.7180146146,all,T,D,Date
2005-03-16,404.316664020218,1039.97499155998,284.525697519827,29514.75,31173.25,17.4422828483996,all,T,D,Date
2005-03-17,414.27500140667,998.67500066757,260.561370948909,29226.0,30771.5,17.7482912043309,all,T,D,Date
2005-03-18,376.158334612845,1103.92500130336,284.110690073429,29575.9166666667,31648.4166666667,17.8983915087257,all,T,D,Date
2005-03-19,354.574998140335,1380.04999446869,174.352460440226,28476.75,30664.25,22.5177208120633,all,T,D,Date
2005-03-20,389.37499976158,1283.82500123978,132.559526501479,26653.5,28880.25,22.7990907047434,all,T,D,Date
2005-03-21,398.816665410997,1332.74999904633,264.489508949962,29439.25,34218.3333333333,24.1354930739488,all,T,D,Date
2005-03-22,410.450001955032,1236.1749997139,255.169978135664,28747.0,32759.5,22.7061445444044,all,T,D,Date
2005-03-23,451.500000715256,1079.82499551773,314.762768802195,30551.25,34197.5,21.8525640591967,all,T,D,Date
2005-03-24,411.975000937779,1189.3666677475,319.961486583413,32238.25,34846.3333333333,22.8374434180641,all,T,D,Date
2005-03-25,424.100001335144,1506.0000038147,311.849443453723,32199.75,37450.0,29.5767443597661,all,T,D,Date
2005-03-26,454.824999014535,1389.70833524068,201.463965760344,29195.0,33771.5833333333,29.4291674624499,all,T,D,Date
2005-03-27,374.624998569488,1738.62500667572,103.293505619726,26547.5,31318.25,30.4835003674932,all,T,D,Date
2005-03-28,430.400000572205,1458.17499542236,117.490413517558,25909.25,30735.25,28.465794162849,all,T,D,Date
2005-03-29,381.883332252499,1500.8666677475,242.42561052556,27917.0,34317.25,26.7951425957223,all,T,D,Date
2005-03-30,418.099999666215,1296.77500009537,215.938995801247,26538.25,31886.0,23.9222149058123,all,T,D,Date
2005-03-31,421.299998283385,1202.22499799729,125.435909157693,24191.75,28235.25,22.8461378416252,all,T,D,Date
2005-04-01,382.075001080834,863.033336162568,81.9986305955043,21675.4166666667,22632.1666666667,15.2768684295725,all,T,D,Date
2005-04-02,371.749999523163,773.125003814697,60.6605306300003,21381.5,20742.25,13.1078640486349,all,T,D,Date
2005-04-03,441.150001128514,808.474999825162,103.63937613257,23547.6666666667,23642.6666666667,14.8219046690475,all,T,D,Date
2005-04-04,254.500000715257,641.87499856949,126.528492808612,16356.0,17923.75,10.871702981771,all,T,D,Date
